<?xml version="1.0" encoding="UTF-8"?>
<Document Version="10.0.6" DocVersion="10.0" DocGuid="{200ab57a-c51d-42b0-864e-5355ea27bf0f}">
    <Properties>
        <AutoLayout V="1"/>
        <TimelineWidth V="1000"/>
        <CalloutLayout V="1"/>
        <ShowGroupName V="1"/>
        <Dpi V="1"/>
        <ActiveIndex V="0"/>
        <ScreenWidth V="1918"/>
        <ScreenHeight V="888"/>
        <Platform V="win"/>
        <ModifyPlatform V="win"/>
        <CreatedVersion V="10.0.6"/>
        <Creator V="AbaAba"/>
        <CreatedDate V="2022-10-24 16:19:49"/>
        <Pages V="page"/>
    </Properties>
    <GanttOption>
        <WorkDay V="1;1;1;1;1;0;0"/>
        <MajorTick V="3"/>
        <MinorTick V="0"/>
        <StartDate V="0"/>
        <FinishDate V="0"/>
        <StartTime V="28800"/>
        <FinishTime V="57600"/>
        <UnitWidth V="100"/>
        <ChangeMinor V="0"/>
    </GanttOption>
    <MarkSheet/>
</Document>
