<?xml version="1.0" encoding="utf-8"?>
<Themes>
    <Theme Name="Edraw" ID="40" Rainbow="0" Effect="0">
        <ThemeColor Name="Angel" ID="3">
            <ColorScheme Accent3="#cc7eb0" Accent6="#f8ae1a" Accent4="#ef6653" Accent2="#5c9dff" Accent5="#6b74b7" Accent10="#4dc7bc" Accent9="#f38590" Accent1="#5e84ff" Accent8="#00af54" Accent7="#4badd0"/>
        </ThemeColor>
        <ThemeEffect Name="Edraw" ID="40">
            <MapEffect>
                <ShapeFormat QuickMask="-1">
                    <FillFormat Type="Solid">
                        <Color ThemeColor="10" V="#ffffffff"/>
                    </FillFormat>
                    <LineFormat>
                        <LineWeight V="3"/>
                        <LineFill Type="Solid">
                            <Color ThemeColor="10" V="#ffffffff"/>
                        </LineFill>
                    </LineFormat>
                </ShapeFormat>
                <ShapeFormat QuickMask="-1">
                    <FillFormat Type="Solid">
                        <Color V="#ffffffff"/>
                    </FillFormat>
                    <LineFormat>
                        <LineWeight V="2"/>
                        <Rounding V="4"/>
                        <LineFill Type="Solid">
                            <Color ThemeColor="2" V="#ffffffff" Tint="6" Ref="#ffffff"/>
                        </LineFill>
                    </LineFormat>
                </ShapeFormat>
                <ShapeFormat QuickMask="-1">
                    <FillFormat Type="Solid">
                        <Color V="#ffffffff"/>
                    </FillFormat>
                    <LineFormat>
                        <LineWeight V="1"/>
                        <LineFill Type="Solid">
                            <Color ThemeColor="2" V="#ffffffff" Tint="6" Ref="#ffffff"/>
                        </LineFill>
                    </LineFormat>
                </ShapeFormat>
                <ShapeFormat QuickMask="-1">
                    <FillFormat Type="Solid">
                        <Color V="#ffffffff"/>
                    </FillFormat>
                    <LineFormat>
                        <LineWeight V="1"/>
                        <LineFill Type="Solid">
                            <Color ThemeColor="2" V="#ffffffff" Tint="6" Ref="#ffffff"/>
                        </LineFill>
                    </LineFormat>
                </ShapeFormat>
                <ShapeFormat QuickMask="-1">
                    <FillFormat Type="Solid">
                        <Color ThemeColor="10" V="#ffffffff"/>
                    </FillFormat>
                    <LineFormat>
                        <LineWeight V="2"/>
                        <Rounding V="4"/>
                        <LineFill Type="Solid">
                            <Color ThemeColor="10" V="#ffffffff"/>
                        </LineFill>
                    </LineFormat>
                </ShapeFormat>
                <ShapeFormat QuickMask="-1">
                    <FillFormat Type="Solid">
                        <Color ThemeColor="1" V="#ffffffff"/>
                    </FillFormat>
                    <LineFormat>
                        <LineWeight V="2"/>
                        <LineFill Type="Solid">
                            <Color ThemeColor="10" V="#ffffffff"/>
                        </LineFill>
                    </LineFormat>
                </ShapeFormat>
                <ShapeFormat QuickMask="-1">
                    <FillFormat Type="Solid">
                        <Color ThemeColor="1" V="#ffffffff"/>
                    </FillFormat>
                    <LineFormat>
                        <LineWeight V="2"/>
                        <LineFill Type="Solid">
                            <Color ThemeColor="10" V="#ffffffff"/>
                        </LineFill>
                    </LineFormat>
                </ShapeFormat>
                <ShapeFormat QuickMask="-1">
                    <FillFormat Type="Solid">
                        <Color ThemeColor="10" V="#33e7f2e9" Tint="80" Ref="#0b14d"/>
                    </FillFormat>
                    <LineFormat>
                        <LineWeight V="2"/>
                        <Rounding V="8"/>
                        <LinePattern ID="23"/>
                        <LineFill Type="Solid">
                            <Color ThemeColor="10" V="#ffffffff"/>
                        </LineFill>
                    </LineFormat>
                </ShapeFormat>
                <ShapeFormat QuickMask="-1">
                    <FillFormat/>
                    <LineFormat>
                        <LineWeight V="2"/>
                        <LineFill Type="Solid">
                            <Color ThemeColor="10" V="#ffffffff"/>
                        </LineFill>
                    </LineFormat>
                </ShapeFormat>
                <ShapeFormat QuickMask="-1">
                    <FillFormat/>
                    <LineFormat>
                        <LineWeight V="3"/>
                        <LineCap V="Round"/>
                        <Rounding V="3"/>
                        <LineFill Type="Solid">
                            <Color ThemeColor="2" V="#ffffffff" Tint="6" Ref="#ffffff"/>
                        </LineFill>
                    </LineFormat>
                </ShapeFormat>
                <ShapeFormat QuickMask="-1">
                    <FillFormat/>
                    <LineFormat>
                        <LineWeight V="1"/>
                        <LineCap V="Round"/>
                        <Rounding V="3"/>
                        <LineFill Type="Solid">
                            <Color ThemeColor="2" V="#ffffffff" Tint="6" Ref="#ffffff"/>
                        </LineFill>
                    </LineFormat>
                </ShapeFormat>
                <ShapeFormat QuickMask="-1">
                    <FillFormat/>
                    <LineFormat>
                        <LineWeight V="1"/>
                        <LineCap V="Round"/>
                        <Rounding V="3"/>
                        <LineFill Type="Solid">
                            <Color ThemeColor="2" V="#ffffffff" Tint="6" Ref="#ffffff"/>
                        </LineFill>
                    </LineFormat>
                </ShapeFormat>
                <ShapeFormat QuickMask="-1">
                    <FillFormat/>
                    <LineFormat>
                        <LineWeight V="2"/>
                        <LineCap V="Round"/>
                        <Rounding V="3"/>
                        <LinePattern ID="9"/>
                        <EndArrow ID="5" Size="4"/>
                        <LineFill Type="Solid">
                            <Color ThemeColor="10" V="#ffffffff"/>
                        </LineFill>
                    </LineFormat>
                </ShapeFormat>
            </MapEffect>
            <CircleEffect>
                <ShapeFormat Inherit="1"/>
                <ShapeFormat QuickMask="-1">
                    <FillFormat Type="Solid">
                        <Color ThemeColor="1" V="#e5ffffff"/>
                    </FillFormat>
                    <LineFormat>
                        <LineWeight V="2"/>
                        <Rounding V="4"/>
                        <LineFill Type="Solid">
                            <Color ThemeColor="2" V="#ffffffff" Tint="21" Ref="#ffffff"/>
                        </LineFill>
                    </LineFormat>
                </ShapeFormat>
                <ShapeFormat QuickMask="-1">
                    <FillFormat Type="Solid">
                        <Color ThemeColor="1" V="#ffffffff"/>
                    </FillFormat>
                    <LineFormat>
                        <LineWeight V="1"/>
                        <LineFill Type="Solid">
                            <Color ThemeColor="2" V="#ffffffff" Tint="6" Ref="#ffffff"/>
                        </LineFill>
                    </LineFormat>
                </ShapeFormat>
                <ShapeFormat QuickMask="-1">
                    <FillFormat Type="Solid">
                        <Color ThemeColor="1" V="#ffffffff"/>
                    </FillFormat>
                    <LineFormat>
                        <LineWeight V="1"/>
                        <LineFill Type="Solid">
                            <Color ThemeColor="2" V="#ffffffff" Tint="6" Ref="#ffffff"/>
                        </LineFill>
                    </LineFormat>
                </ShapeFormat>
            </CircleEffect>
            <BubbleEffect>
                <ShapeFormat Inherit="1"/>
                <ShapeFormat QuickMask="-1">
                    <FillFormat Type="Solid">
                        <Color ThemeColor="1" V="#ffffffff"/>
                    </FillFormat>
                    <LineFormat>
                        <LineWeight V="2"/>
                        <LineFill Type="Solid">
                            <Color ThemeColor="2" V="#ffffffff" Tint="6" Ref="#ffffff"/>
                        </LineFill>
                    </LineFormat>
                </ShapeFormat>
                <ShapeFormat QuickMask="-1">
                    <FillFormat Type="Solid">
                        <Color ThemeColor="1" V="#ffffffff"/>
                    </FillFormat>
                    <LineFormat>
                        <LineWeight V="1"/>
                        <LineFill Type="Solid">
                            <Color ThemeColor="2" V="#ffffffff" Tint="6" Ref="#ffffff"/>
                        </LineFill>
                    </LineFormat>
                </ShapeFormat>
                <ShapeFormat QuickMask="-1">
                    <FillFormat Type="Solid">
                        <Color ThemeColor="1" V="#ffffffff"/>
                    </FillFormat>
                    <LineFormat>
                        <LineWeight V="1"/>
                        <LineFill Type="Solid">
                            <Color ThemeColor="2" V="#ffffffff" Tint="6" Ref="#ffffff"/>
                        </LineFill>
                    </LineFormat>
                </ShapeFormat>
            </BubbleEffect>
            <SectorEffect>
                <ShapeFormat QuickMask="-1">
                    <FillFormat Type="Solid">
                        <Color ThemeColor="10" V="#ffffffff"/>
                    </FillFormat>
                    <LineFormat>
                        <LineWeight V="3"/>
                        <LineFill Type="Solid">
                            <Color ThemeColor="1" V="#ffffffff" Shade="76" Ref="#ffffff"/>
                        </LineFill>
                    </LineFormat>
                </ShapeFormat>
                <ShapeFormat QuickMask="-1">
                    <FillFormat Type="Solid">
                        <Color ThemeColor="1" V="#ffffffff"/>
                    </FillFormat>
                    <LineFormat>
                        <LineWeight V="2"/>
                        <Rounding V="4"/>
                        <LineFill Type="Solid">
                            <Color ThemeColor="1" V="#ffffffff" Shade="76" Ref="#ffffff"/>
                        </LineFill>
                    </LineFormat>
                </ShapeFormat>
                <ShapeFormat QuickMask="-1">
                    <FillFormat Type="Solid">
                        <Color ThemeColor="1" V="#ffffffff"/>
                    </FillFormat>
                    <LineFormat>
                        <LineWeight V="1"/>
                        <LineFill Type="Solid">
                            <Color ThemeColor="1" V="#ffffffff" Shade="76" Ref="#ffffff"/>
                        </LineFill>
                    </LineFormat>
                </ShapeFormat>
                <ShapeFormat QuickMask="-1">
                    <FillFormat Type="Solid">
                        <Color ThemeColor="1" V="#ffffffff"/>
                    </FillFormat>
                    <LineFormat>
                        <LineWeight V="1"/>
                        <LineFill Type="Solid">
                            <Color ThemeColor="1" V="#ffffffff" Shade="76" Ref="#ffffff"/>
                        </LineFill>
                    </LineFormat>
                </ShapeFormat>
            </SectorEffect>
            <TextColors>
                <TextColor>
                    <Color ThemeColor="1" V="#ffffffff"/>
                </TextColor>
                <TextColor>
                    <Color ThemeColor="2" V="#ffffffff" Tint="3" Ref="#ffffff"/>
                </TextColor>
                <TextColor>
                    <Color ThemeColor="2" V="#ffffffff" Tint="3" Ref="#ffffff"/>
                </TextColor>
                <TextColor>
                    <Color ThemeColor="2" V="#ffffffff" Tint="3" Ref="#ffffff"/>
                </TextColor>
                <TextColor>
                    <Color ThemeColor="1" V="#ffffffff"/>
                </TextColor>
                <TextColor>
                    <Color V="#ff000000"/>
                </TextColor>
                <TextColor>
                    <Color ThemeColor="2" V="#ffffffff"/>
                </TextColor>
                <TextColor>
                    <Color ThemeColor="2" V="#ffffffff" Tint="3" Ref="#ffffff"/>
                    <BackColor V="#ffffffff"/>
                </TextColor>
            </TextColors>
            <Background Mode="0"/>
        </ThemeEffect>
        <ThemeText Name="微软雅黑 (大)" ID="40">
            <FontSchemeLst>
                <FontScheme Flag="1" FontName="微软雅黑" FontSize="18"/>
                <FontScheme Flag="1" FontName="微软雅黑" FontSize="14"/>
                <FontScheme Flag="0" FontName="微软雅黑" FontSize="10"/>
                <FontScheme Flag="0" FontName="微软雅黑" FontSize="10"/>
                <FontScheme Flag="1" FontName="微软雅黑" FontSize="12"/>
                <FontScheme Flag="0" FontName="微软雅黑" FontSize="10"/>
                <FontScheme Flag="0" FontName="微软雅黑" FontSize="10"/>
                <FontScheme Flag="0" FontName="微软雅黑" FontSize="10"/>
            </FontSchemeLst>
        </ThemeText>
        <ThemeShape Name="Edraw" ID="40">
            <ConntScheme>
                <Connector Style="5" Thickness="0"/>
                <Connector Style="11" Thickness="0"/>
                <Connector Style="11" Thickness="0"/>
            </ConntScheme>
            <ShapeScheme>
                <Topic Style="11" Time="11" Fish="401"/>
                <Topic Style="1" Time="1"/>
                <Topic Style="5"/>
                <Topic Style="5"/>
                <Relationship Style="101" PathText="0"/>
                <Boundary Style="201"/>
                <Summary Style="256"/>
                <Callout Style="308"/>
                <Floating Style="1" Time="11" Fish="401"/>
                <SummaryTopic Style="11"/>
            </ShapeScheme>
        </ThemeShape>
    </Theme>
</Themes>
