<?xml version="1.0" encoding="UTF-8"?><Page ID="300000100" Type="Page" Name="页面-1" Zoom="1" QuickMask="0"><PageProps><Width V="2301"/><Height V="1332"/><CX V="1150.5" B="1" P="0"/><CY V="666" B="2" P="0"/><ScrollX V="0.5"/><ScrollY V="0.5"/></PageProps><Layout><HSpacing V="30"/><VSpacing V="30"/><Layout V="8"/><SectorAlign V="1"/></Layout><FillFormat/><PrintSetup FittoSheet="1" HSheet="1" VSheet="1" Background="1" Width="210" Height="297" Unit="mm" LeftMargin="10" TopMargin="10" RightMargin="10" BottomMargin="10"/><Theme ID="40" Rainbow="0" Effect="0" Name="Edraw"><ThemeColor V="3"/><ThemeEffect V="40"/><ThemeText V="40"/><ThemeShape V="40"/></Theme><Shape ID="103" Type="MMConnector"><Transform><Width V="0"/><Height V="0"/><CX V="1282.78" B="1" P="0"/><CY V="628" B="2" P="0"/></Transform><ShapeFormat QuickMask="0"><FillFormat/><LineFormat><LineWeight V="3"/><Rounding V="3"/><LineCap V="Round"/><LineFill Type="Solid"><Color ThemeColor="2" Tint="6" V="#ff454545" Ref="#000"/></LineFill></LineFormat></ShapeFormat><LevelData><Super V="101"/></LevelData><Geometries><Geometry Closed="0"><MoveTo><X V="26.2598" B="1" P="0"/><Y V="6.5" B="2" P="0"/></MoveTo><CurveTo><X V="132.28" B="1" P="0"/><Y V="-38" B="2" P="0"/><A V="46.6852" B="1" P="0"/><B V="-15.5042" B="2" P="0"/><C V="84.2805" B="1" P="0"/><D V="-38" B="2" P="0"/></CurveTo></Geometry></Geometries><ShapeStyle V="1"/><BeginPt X="1150.5" Y="666"/><EndPt X="1415.06" Y="590"/><MMConnector FlexoStyle="5" Thickness="0"/></Shape><Shape ID="105" Type="MMConnector"><Transform><Width V="0"/><Height V="0"/><CX V="1282.78" B="1" P="0"/><CY V="666" B="2" P="0"/></Transform><ShapeFormat QuickMask="0"><FillFormat/><LineFormat><LineWeight V="3"/><Rounding V="3"/><LineCap V="Round"/><LineFill Type="Solid"><Color ThemeColor="2" Tint="6" V="#ff454545" Ref="#000"/></LineFill></LineFormat></ShapeFormat><LevelData><Super V="101"/></LevelData><Geometries><Geometry Closed="0"><MoveTo><X V="69.28" B="1" P="0"/><Y V="0" B="2" P="0"/></MoveTo><CurveTo><X V="132.28" B="1" P="0"/><Y V="0" B="2" P="0"/><A V="85.8121" B="1" P="0"/><B V="0" B="2" P="0"/><C V="107.3" B="1" P="0"/><D V="0" B="2" P="0"/></CurveTo></Geometry></Geometries><ShapeStyle V="1"/><BeginPt X="1150.5" Y="666"/><EndPt X="1415.06" Y="666"/><MMConnector FlexoStyle="5" Thickness="0"/></Shape><Shape ID="107" Type="MMConnector"><Transform><Width V="0"/><Height V="0"/><CX V="1282.78" B="1" P="0"/><CY V="704" B="2" P="0"/></Transform><ShapeFormat QuickMask="0"><FillFormat/><LineFormat><LineWeight V="3"/><Rounding V="3"/><LineCap V="Round"/><LineFill Type="Solid"><Color ThemeColor="2" Tint="6" V="#ff454545" Ref="#000"/></LineFill></LineFormat></ShapeFormat><LevelData><Super V="101"/></LevelData><Geometries><Geometry Closed="0"><MoveTo><X V="26.2598" B="1" P="0"/><Y V="-6.5" B="2" P="0"/></MoveTo><CurveTo><X V="132.28" B="1" P="0"/><Y V="38" B="2" P="0"/><A V="46.6852" B="1" P="0"/><B V="15.5042" B="2" P="0"/><C V="84.2805" B="1" P="0"/><D V="38" B="2" P="0"/></CurveTo></Geometry></Geometries><ShapeStyle V="1"/><BeginPt X="1150.5" Y="666"/><EndPt X="1415.06" Y="742"/><MMConnector FlexoStyle="5" Thickness="0"/></Shape><Shape ID="101" Type="MainIdea"><Transform><Width V="403.12"/><Height V="63"/><CX V="1150.5" B="1" P="0"/><CY V="666" B="2" P="0"/></Transform><ShapeFormat QuickMask="0"><FillFormat Type="Solid"><Color ThemeColor="10" V="#ff00af54"/></FillFormat><LineFormat><LineWeight V="3"/><LineFill Type="Solid"><Color ThemeColor="10" V="#ff00af54"/></LineFill></LineFormat></ShapeFormat><Text><Transform><Width V="352"/><Height V="31"/><CX V="201.86" B="1" P="0"/><CY V="30.95" B="2" P="0"/></Transform><TextBlock TextFormatMask="0"><Color ThemeColor="1" V="#ffffffff"/><Character IX="0" Family="微软雅黑" Size="18" Style="1" Color="#ffffff"/><Paragraph IX="0" Align="4" SpLine="100"/><Paragraph IX="1" Align="4" IndFirst="0"/><Text><pp PX="1" CX="0"><tp CX="0">欢迎来到 亿图脑图MindMaster</tp></pp></Text></TextBlock></Text><LevelData><SubLevel V="102;104;106"/></LevelData><Geometries><Geometry Closed="1"><MoveTo><X V="31.5" B="5" P="0.5"/><Y V="0" B="2" P="0"/></MoveTo><LineTo><X V="371.62" B="6" P="0.5"/><Y V="0" B="2" P="0"/></LineTo><CurveTo><X V="403.12" B="1" P="1"/><Y V="31.5" B="2" P="0.5"/><A V="389.017" B="6" P="0.22385"/><B V="0" B="2" P="0"/><C V="403.12" B="1" P="1"/><D V="14.1025" B="5" P="0.22385"/></CurveTo><CurveTo><X V="371.62" B="6" P="0.5"/><Y V="63" B="2" P="1"/><A V="403.12" B="1" P="1"/><B V="48.8974" B="7" P="0.22385"/><C V="389.017" B="6" P="0.22385"/><D V="63" B="2" P="1"/></CurveTo><LineTo><X V="31.5" B="5" P="0.5"/><Y V="63" B="2" P="1"/></LineTo><CurveTo><X V="0" B="1" P="0"/><Y V="31.5" B="2" P="0.5"/><A V="14.1025" B="5" P="0.22385"/><B V="63" B="2" P="1"/><C V="0" B="1" P="0"/><D V="48.8974" B="7" P="0.22385"/></CurveTo><CurveTo><X V="31.5" B="5" P="0.5"/><Y V="0" B="2" P="0"/><A V="0" B="1" P="0"/><B V="14.1025" B="5" P="0.22385"/><C V="14.1025" B="5" P="0.22385"/><D V="0" B="2" P="0"/></CurveTo></Geometry></Geometries><ShapeStyle V="11"/><Layout><ImagePos V="1"/><FlexoStyle V="5"/><Layout V="8"/><Margins LeftMargin="18" TopMargin="14" RightMargin="18" BottomMargin="14"/></Layout></Shape><Shape ID="102" Type="MainTopic"><Transform><Width V="196"/><Height V="43"/><CX V="1513.06" B="1" P="0"/><CY V="590" B="2" P="0"/></Transform><ShapeFormat QuickMask="0"><FillFormat Type="Solid"><Color V="#ffffffff"/></FillFormat><LineFormat><LineWeight V="2"/><Rounding V="4"/><LineFill Type="Solid"><Color ThemeColor="2" Tint="6" V="#ff454545" Ref="#000"/></LineFill></LineFormat></ShapeFormat><Text><Transform><Width V="161"/><Height V="26"/><CX V="98.3" B="1" P="0"/><CY V="20.95" B="2" P="0"/></Transform><TextBlock TextFormatMask="1024"><Color ThemeColor="2" Tint="3" V="#ff303030" Ref="#000"/><Character IX="0" Family="微软雅黑" Size="14" Style="1" Color="#303030"/><Paragraph IX="0" Align="1" SpLine="100"/><Paragraph IX="1" Align="1"/><Character IX="1" Family="微软雅黑" Size="14" Style="1" Color="#ef6653"/><Text><pp PX="1"><tp CX="0">按</tp><tp CX="1"> Enter </tp><tp CX="0">添加主题</tp></pp></Text></TextBlock></Text><LevelData><Super V="101"/><ToSuper V="103"/></LevelData><Geometries><Geometry Closed="1"><MoveTo><X V="0" B="1" P="0"/><Y V="0" B="2" P="0"/></MoveTo><LineTo><X V="196" B="1" P="1"/><Y V="0" B="2" P="0"/></LineTo><LineTo><X V="196" B="1" P="1"/><Y V="43" B="2" P="1"/></LineTo><LineTo><X V="0" B="1" P="0"/><Y V="43" B="2" P="1"/></LineTo><LineTo><X V="0" B="1" P="0"/><Y V="0" B="2" P="0"/></LineTo></Geometry></Geometries><ShapeStyle V="1"/><Layout><ImagePos V="1"/><FlexoStyle V="11"/><Layout V="6"/><Margins LeftMargin="16" TopMargin="7" RightMargin="16" BottomMargin="7"/></Layout></Shape><Shape ID="104" Type="MainTopic"><Transform><Width V="201"/><Height V="43"/><CX V="1515.56" B="1" P="0"/><CY V="666" B="2" P="0"/></Transform><ShapeFormat QuickMask="0"><FillFormat Type="Solid"><Color V="#ffffffff"/></FillFormat><LineFormat><LineWeight V="2"/><Rounding V="4"/><LineFill Type="Solid"><Color ThemeColor="2" Tint="6" V="#ff454545" Ref="#000"/></LineFill></LineFormat></ShapeFormat><Text><Transform><Width V="166"/><Height V="26"/><CX V="100.8" B="1" P="0"/><CY V="20.95" B="2" P="0"/></Transform><TextBlock TextFormatMask="1024"><Color ThemeColor="2" Tint="3" V="#ff303030" Ref="#000"/><Character IX="0" Family="微软雅黑" Size="14" Style="1" Color="#303030"/><Paragraph IX="0" Align="1" SpLine="100"/><Paragraph IX="1" Align="1"/><Character IX="1" Family="微软雅黑" Size="14" Style="1" Color="#ef6653"/><Text><pp PX="1"><tp CX="0">按</tp><tp CX="1"> Tab </tp><tp CX="0">添加子主题</tp></pp></Text></TextBlock></Text><LevelData><Super V="101"/><ToSuper V="105"/></LevelData><Geometries><Geometry Closed="1"><MoveTo><X V="0" B="1" P="0"/><Y V="0" B="2" P="0"/></MoveTo><LineTo><X V="201" B="1" P="1"/><Y V="0" B="2" P="0"/></LineTo><LineTo><X V="201" B="1" P="1"/><Y V="43" B="2" P="1"/></LineTo><LineTo><X V="0" B="1" P="0"/><Y V="43" B="2" P="1"/></LineTo><LineTo><X V="0" B="1" P="0"/><Y V="0" B="2" P="0"/></LineTo></Geometry></Geometries><ShapeStyle V="1"/><Layout><ImagePos V="1"/><FlexoStyle V="11"/><Layout V="6"/><Margins LeftMargin="16" TopMargin="7" RightMargin="16" BottomMargin="7"/></Layout></Shape><Shape ID="106" Type="MainTopic"><Transform><Width V="153"/><Height V="43"/><CX V="1491.56" B="1" P="0"/><CY V="742" B="2" P="0"/></Transform><ShapeFormat QuickMask="0"><FillFormat Type="Solid"><Color V="#ffffffff"/></FillFormat><LineFormat><LineWeight V="2"/><Rounding V="4"/><LineFill Type="Solid"><Color ThemeColor="2" Tint="6" V="#ff454545" Ref="#000"/></LineFill></LineFormat></ShapeFormat><Text><Transform><Width V="118"/><Height V="26"/><CX V="76.8" B="1" P="0"/><CY V="20.95" B="2" P="0"/></Transform><TextBlock TextFormatMask="1024"><Color ThemeColor="2" Tint="3" V="#ff303030" Ref="#000"/><Character IX="0" Family="微软雅黑" Size="14" Style="1" Color="#303030"/><Paragraph IX="0" Align="1" SpLine="100"/><Paragraph IX="1" Align="1"/><Text><pp PX="1"><tp CX="0">双击编辑文本</tp></pp></Text></TextBlock></Text><LevelData><Super V="101"/><ToSuper V="107"/></LevelData><Geometries><Geometry Closed="1"><MoveTo><X V="0" B="1" P="0"/><Y V="0" B="2" P="0"/></MoveTo><LineTo><X V="153" B="1" P="1"/><Y V="0" B="2" P="0"/></LineTo><LineTo><X V="153" B="1" P="1"/><Y V="43" B="2" P="1"/></LineTo><LineTo><X V="0" B="1" P="0"/><Y V="43" B="2" P="1"/></LineTo><LineTo><X V="0" B="1" P="0"/><Y V="0" B="2" P="0"/></LineTo></Geometry></Geometries><ShapeStyle V="1"/><Layout><ImagePos V="1"/><FlexoStyle V="11"/><Layout V="6"/><Margins LeftMargin="16" TopMargin="7" RightMargin="16" BottomMargin="7"/></Layout></Shape></Page>
