<?xml version="1.0" encoding="UTF-8"?>
<Format>
    <Colors>
        <Color IX="111" V="#ffffffff"/>
        <Color IX="106" ThemeColor="1" V="#ffffffff"/>
        <Color IX="114" ThemeColor="2" Tint="3" V="#ff303030" Ref="#000"/>
        <Color IX="100" ThemeColor="2" Tint="6" V="#ff454545" Ref="#000"/>
        <Color IX="103" ThemeColor="10" V="#ff00af54"/>
    </Colors>
    <FillFmts>
        <Fill IX="101" Type="Solid" ColorID="100"/>
        <Fill IX="104" Type="Solid" ColorID="103"/>
        <Fill IX="112" Type="Solid" ColorID="111"/>
    </FillFmts>
    <LineFmts>
        <Line IX="113" Weight="2" Rounding="4" FillID="101"/>
        <Line IX="105" Weight="3" FillID="104"/>
        <Line IX="102" Weight="3" Rounding="3" LineCap="Round" FillID="101"/>
    </LineFmts>
    <CharFmts>
        <Char IX="110" Size="9" Family="SimSun"/>
        <Char IX="115" Size="14" Style="1" Family="微软雅黑" Color="#303030"/>
        <Char IX="118" Size="14" Style="1" Family="微软雅黑" Color="#ef6653"/>
        <Char IX="107" Size="18" Style="1" Family="微软雅黑" Color="#ffffff"/>
    </CharFmts>
    <BlockFmts>
        <Block IX="117" Align="1"/>
        <Block IX="109" Align="4"/>
        <Block IX="116" SpLine="100" Align="1"/>
        <Block IX="108" SpLine="100" Align="4"/>
    </BlockFmts>
</Format>
